renda_mensal,score_credito,estado_civil,tempo_emprego_anos,patrimonio,dividas_pendentes,risco
8470,505,casado,0,73125,19317,1
2060,450,solteiro,12,25078,7659,1
6590,480,casado,17,47302,11655,0
14618,532,solteiro,12,228795,31240,1
6391,684,divorciado,17,95882,8680,0
13164,787,divorciado,4,107506,27141,0
12484,537,solteiro,12,224100,36984,1
6934,583,divorciado,3,76409,34413,1
7465,800,casado,16,70079,26044,0
1666,729,solteiro,2,12136,2326,0
14726,672,divorciado,16,132423,10342,0
5626,739,solteiro,10,29988,6011,0
6778,871,casado,19,93189,20547,0
12836,468,casado,3,226343,50615,1
12563,433,divorciado,1,166267,59446,1
12311,661,casado,19,102047,7032,0
9522,452,solteiro,15,52418,27160,1
2885,849,casado,17,23713,7555,1
1969,604,solteiro,7,22135,6797,0
11783,525,solteiro,2,193172,35562,1
8149,634,casado,8,63705,29268,0
3633,442,divorciado,19,57390,12575,1
6511,639,casado,5,117224,6683,0
6251,858,solteiro,9,73819,25621,1
7620,770,solteiro,9,131989,8035,0
2384,510,casado,12,31754,8685,1
5755,648,divorciado,16,83771,13654,1
4585,550,divorciado,8,59119,12894,1
13509,582,solteiro,16,161400,61666,1
7596,735,solteiro,8,64716,34216,0
14235,494,divorciado,8,135914,59507,1
12296,858,casado,0,114962,34375,0
9866,773,solteiro,1,132691,37619,0
10474,799,solteiro,15,71215,29411,0
3758,407,divorciado,0,70469,16584,1
9049,787,casado,9,143063,20925,0
3247,759,divorciado,17,35787,15800,1
3947,787,casado,7,29126,18532,0
10367,583,casado,10,188989,39780,1
11198,680,casado,1,194360,19679,0
1389,594,solteiro,7,21982,1517,1
3934,751,divorciado,7,35693,17097,0
4205,594,divorciado,16,46409,5230,0
5858,554,casado,14,38318,25448,1
3099,492,solteiro,16,24282,8393,1
8934,559,solteiro,12,149602,20811,1
2467,833,divorciado,18,38795,11260,0
2728,460,solteiro,4,37925,8776,1
12594,521,solteiro,11,232181,38975,0
4756,450,casado,0,65390,14336,1
5090,802,solteiro,4,61103,11046,0
10038,676,casado,7,101439,40507,0
12280,404,divorciado,12,234630,20109,0
6593,865,solteiro,7,41145,31152,0
11827,491,divorciado,10,224279,53492,0
9992,569,divorciado,0,173867,20170,1
11755,716,solteiro,12,81684,44464,0
11453,421,solteiro,18,154326,35269,0
9633,804,divorciado,2,173376,19453,0
11433,725,solteiro,16,155227,56574,0
12216,400,casado,4,227315,7495,1
8713,532,casado,19,166808,14262,1
3812,632,solteiro,7,43211,10827,0
8241,411,divorciado,13,87846,23476,1
10755,745,solteiro,3,204827,33880,0
7435,445,solteiro,10,112469,28866,1
6686,433,divorciado,19,45065,22101,1
8299,832,divorciado,14,46759,26567,0
10870,477,casado,18,146412,8052,1
11948,617,divorciado,6,226445,26218,1
1975,700,casado,18,34885,3049,1
13406,810,divorciado,18,202936,22711,0
9426,472,solteiro,10,66799,28226,1
4352,681,casado,4,38356,6083,0
11347,648,casado,4,205751,20682,0
2785,446,casado,7,21561,4363,0
5143,520,solteiro,9,47195,24523,1
8755,613,solteiro,5,60794,41594,1
4273,638,solteiro,14,64700,13864,1
2221,455,solteiro,15,42553,10350,1
12853,749,solteiro,16,116120,51876,0
12005,506,casado,7,145633,37872,0
14617,718,solteiro,7,212167,7731,0
5043,447,casado,8,100819,20052,1
9189,460,solteiro,1,60391,33642,1
10892,736,divorciado,14,135916,35602,0
14190,425,casado,17,152922,55651,1
8073,691,divorciado,2,145211,22670,1
6875,656,casado,16,83459,25220,1
1361,407,divorciado,3,9070,6407,1
5497,512,solteiro,3,79796,12044,1
11373,754,solteiro,13,188356,41927,0
2195,652,solteiro,8,11069,5796,1
14303,579,casado,8,255799,50558,0
12734,606,divorciado,17,99202,50083,0
13943,702,solteiro,9,185177,9823,0
8829,526,divorciado,3,99211,30104,1
13190,455,divorciado,11,208333,20053,0
10667,613,solteiro,7,112722,37496,0
2216,413,solteiro,1,39990,5778,1
9069,873,divorciado,12,144718,36103,0
7639,427,solteiro,15,112413,8061,0
9092,870,solteiro,1,154051,30171,0
8063,477,solteiro,10,131510,14135,0
9116,615,casado,9,50494,39549,1
9729,785,divorciado,14,106250,45509,0
2078,764,divorciado,16,39403,10356,0
10468,553,casado,7,72081,42730,1
6087,413,divorciado,17,97735,23689,1
13385,586,solteiro,8,262598,19672,1
6059,711,divorciado,7,35039,12190,0
7531,770,solteiro,13,114719,19547,0
9771,406,casado,17,117470,38890,1
9884,402,solteiro,19,135288,45637,1
8408,510,divorciado,19,52803,11360,1
6476,806,divorciado,11,36557,30117,0
3262,637,divorciado,18,48939,11842,1
13276,762,casado,13,230333,43126,0
1264,638,casado,16,21147,1768,1
9206,892,divorciado,2,121124,6903,0
3768,673,solteiro,6,24484,11522,1
6663,693,casado,16,102081,22866,0
14640,626,divorciado,11,126318,21206,0
3227,770,divorciado,8,60235,9694,0
3895,414,casado,14,68450,16959,1
10887,591,casado,17,170280,46354,1
6458,872,casado,12,124204,30178,0
6818,518,solteiro,7,37303,14634,1
7936,884,solteiro,13,127317,15326,0
1591,427,divorciado,7,15836,6161,1
13906,601,casado,13,258526,33930,0
13866,438,solteiro,6,124795,12395,1
7092,840,casado,11,112570,12571,0
4761,672,divorciado,10,86482,11348,0
11670,630,solteiro,10,65642,21196,0
7384,485,solteiro,12,80963,14730,1
4299,873,solteiro,17,70652,7832,0
7478,525,divorciado,1,88418,5135,0
9592,699,casado,14,86412,32295,1
14267,424,solteiro,19,118374,45480,0
4304,544,divorciado,17,30010,14806,1
8415,412,casado,14,150266,11489,0
13990,611,divorciado,18,190688,25607,0
3654,424,casado,11,22456,12015,1
13037,467,divorciado,12,140000,41696,1
10196,793,casado,10,107221,28329,0
3931,466,solteiro,4,30371,8164,1
12165,632,casado,0,140294,56058,1
9354,508,divorciado,2,93366,18978,1
10962,545,divorciado,18,111012,27956,1
6256,510,casado,6,100630,22218,1
9310,627,solteiro,11,77728,27404,0
14973,510,solteiro,14,219023,30859,1
12082,869,casado,4,163828,29726,0
5040,433,casado,14,68147,20538,1
2228,510,divorciado,7,33297,3902,0
8585,663,solteiro,9,113542,9788,0
1702,823,casado,15,30957,3249,0
8110,768,solteiro,7,122734,35058,0
13885,635,casado,0,183343,12502,0
10262,482,casado,11,179035,50926,1
8138,441,solteiro,4,114682,23881,1
5688,824,casado,2,53280,28052,1
1406,500,casado,0,11397,6644,1
6334,405,divorciado,3,46142,16073,1
7177,579,casado,7,132715,9999,0
8921,681,casado,2,139631,11079,0
8235,719,casado,9,156964,13010,0
2684,625,divorciado,1,37708,9918,1
9058,842,solteiro,10,109610,15654,0
2063,839,divorciado,9,12162,4201,0
3990,714,divorciado,13,60147,10052,1
8608,764,solteiro,6,118214,39678,0
9955,853,divorciado,1,197637,13461,0
6316,628,solteiro,8,54237,3300,0
13583,776,divorciado,15,176050,10464,0
7219,688,solteiro,12,106583,33001,0
2957,836,casado,8,43375,10094,1
8774,549,divorciado,19,117741,15167,0
7574,676,divorciado,3,126136,9826,0
8092,597,divorciado,9,65340,14761,0
2878,469,divorciado,11,45715,2925,1
4442,511,casado,16,63502,21041,1
5836,403,divorciado,13,107622,23512,0
2259,749,casado,13,40002,5829,0
7868,730,casado,1,76533,34558,0
14671,845,casado,19,134145,23804,0
11114,717,casado,10,219221,41422,0
12706,749,solteiro,15,164021,55304,0
4357,494,solteiro,18,81024,9173,1
7115,551,divorciado,5,53065,27809,1
12017,710,solteiro,18,175956,21964,0
12121,536,solteiro,4,207849,22361,1
10989,646,divorciado,3,211108,10788,0
12452,786,divorciado,14,125268,30884,0
3893,642,divorciado,3,61800,14729,1
14283,430,solteiro,19,186852,67572,1
14539,439,solteiro,9,85917,46773,1
4827,628,divorciado,2,74094,21162,1
10755,435,casado,4,165104,45184,1
11373,807,divorciado,5,215621,14557,0
6650,622,casado,7,82856,17863,0
2863,405,casado,6,24203,2937,1
10921,721,divorciado,9,61905,38984,0
11430,867,divorciado,5,128411,54573,0
6792,619,divorciado,13,64719,7586,0
12694,474,solteiro,3,208388,48268,1
11629,403,casado,12,119941,38899,1
8592,734,solteiro,19,165276,26860,0
14896,533,solteiro,16,289498,33598,1
14888,517,divorciado,6,213101,31236,1
2506,768,solteiro,3,47438,1763,0
13421,493,divorciado,13,220276,19870,0
7976,885,casado,2,105306,4532,0
12067,834,divorciado,4,92971,37605,1
14460,461,solteiro,15,171769,14117,0
7064,840,solteiro,19,94750,31283,0
10674,593,divorciado,3,191698,30465,1
8726,734,divorciado,1,106631,31837,1
10101,602,solteiro,17,186516,23725,0
6775,791,casado,18,102405,20478,0
6730,425,casado,18,47480,31913,1
14136,834,divorciado,16,281655,12330,0
5613,572,casado,13,72455,9220,1
4948,699,solteiro,18,53823,19841,1
14745,532,divorciado,12,219504,13923,1
14171,725,solteiro,11,94001,11910,0
1863,809,solteiro,5,27103,3962,1
3198,517,casado,3,39890,2925,1
9194,723,divorciado,18,102054,28803,0
12837,674,divorciado,15,247693,19489,0
13135,611,casado,12,168628,59509,1
2695,624,solteiro,3,22332,10849,1
4504,419,solteiro,16,53527,16433,1
4963,512,solteiro,0,93258,16260,1
6432,539,solteiro,17,49149,28208,1
3053,446,divorciado,19,25063,4591,1
7785,400,divorciado,16,40446,34479,1
14051,489,casado,14,73245,56944,1
2491,541,casado,10,43445,9632,1
4781,719,divorciado,12,76409,14465,1
12849,437,divorciado,0,132673,20662,1
8754,692,solteiro,16,135465,21061,0
8480,781,solteiro,5,92670,34522,0
2836,538,casado,3,54716,1823,0
4896,755,divorciado,19,95500,19678,0
12391,732,casado,15,134961,19581,0
12544,890,divorciado,14,223450,14417,0
1898,658,solteiro,14,31499,1937,0
11552,560,casado,5,111476,7192,0
13489,789,casado,14,114394,38526,0
5937,577,divorciado,13,70493,8799,0
2054,409,solteiro,10,34343,10172,1
9364,660,casado,6,181685,28887,1
7055,806,solteiro,8,116080,7905,0
8592,537,casado,15,153179,30926,1
7728,571,solteiro,4,108547,35083,1
12866,785,divorciado,19,225555,49576,0
6449,412,casado,9,108125,5442,0
6372,567,casado,17,67892,28874,0
2907,529,solteiro,2,38604,11839,1
12169,483,solteiro,12,207740,14753,0
6991,720,casado,10,39784,5124,0
11125,718,divorciado,16,190473,33462,0
6735,500,solteiro,12,51646,8096,0
6131,728,solteiro,5,77987,26091,1
4710,672,solteiro,16,80654,9949,1
1402,664,casado,12,12347,6460,0
12647,858,casado,18,109865,38517,0
5418,798,casado,18,59822,7162,0
13888,807,casado,9,255811,15668,0
10158,437,divorciado,2,50857,31430,1
5589,818,divorciado,13,103512,21956,0
3527,493,casado,18,25772,14167,1
9204,494,divorciado,4,182711,16023,1
4131,704,solteiro,4,79822,5862,0
8977,468,solteiro,19,111495,5165,1
1397,717,solteiro,16,17729,4968,0
8325,843,casado,9,101758,7030,0
3130,635,solteiro,4,45484,7491,1
12974,833,divorciado,3,82525,41615,1
7487,733,casado,5,41098,35316,0
10000,772,divorciado,3,58655,19031,0
12664,775,solteiro,6,147731,20566,0
10539,858,solteiro,6,96254,36293,0
5482,536,solteiro,17,78560,18017,1
12789,817,casado,2,254330,25507,0
3711,475,divorciado,0,40059,17354,1
11186,882,casado,3,152214,48120,0
1859,434,casado,5,20884,2803,1
4011,400,solteiro,8,71031,6321,0
8298,695,casado,13,153791,23278,1
7746,719,casado,11,140669,30837,0
10761,805,solteiro,19,211083,7513,0
3186,459,casado,3,17245,11533,1
9538,719,solteiro,11,167842,32591,0
12611,748,solteiro,9,205263,19441,0
4111,727,solteiro,6,34657,14660,0
2934,666,solteiro,2,56757,13880,1
3043,760,casado,13,21978,2162,0
9880,628,solteiro,9,150109,19151,0
4176,669,solteiro,15,34967,10322,1
3159,715,casado,15,36235,14362,0
6959,685,casado,9,109864,33613,0
7894,690,divorciado,12,106173,19723,0
3585,612,casado,5,40913,13892,1
12311,564,casado,11,121818,35609,1
5936,404,divorciado,8,104443,17333,1
3002,738,casado,12,21485,5257,0
9355,778,casado,3,107129,13810,0
9320,477,casado,10,172945,16738,0
7816,809,casado,19,138247,23475,1
6734,461,divorciado,17,74169,4250,0
5261,531,casado,10,86525,24109,1
12761,488,casado,3,221370,15355,1
1462,636,divorciado,17,26803,2178,0
7487,441,solteiro,0,98585,21205,1
10015,488,divorciado,6,80790,37010,1
10408,801,solteiro,5,91898,9687,0
13035,695,divorciado,14,122990,25152,0
14368,727,divorciado,17,199816,69814,0
3249,694,casado,10,17843,5460,1
6623,503,solteiro,19,96302,12641,1
13115,413,casado,14,137252,55925,1
5748,687,solteiro,15,54195,4172,1
4308,578,divorciado,6,78373,11160,1
14671,524,divorciado,9,174585,32397,1
13482,821,solteiro,11,86632,25948,0
8358,752,casado,13,145439,14924,0
11448,422,casado,4,65420,10431,1
8600,462,casado,17,136750,16483,0
4370,542,casado,4,72579,3031,1
11074,880,divorciado,2,113940,44454,0
3455,552,divorciado,4,60019,7918,1
2354,544,divorciado,16,29977,5879,1
5699,624,divorciado,18,68099,25766,1
7495,894,divorciado,18,42579,25942,0
7397,849,casado,11,69165,3966,0
12583,861,casado,8,238638,59697,0
11088,708,casado,0,120608,17376,0
13383,503,casado,17,176662,13172,0
14115,503,divorciado,3,183217,55847,1
14074,834,divorciado,9,195015,38733,0
2848,438,divorciado,6,16860,6983,1
6739,834,solteiro,0,70305,10935,0
10837,597,casado,16,171733,32116,1
5399,533,casado,1,43237,9365,1
13315,466,divorciado,10,107234,60678,1
9645,790,casado,8,49684,14162,0
12575,578,casado,6,145395,56330,0
3757,855,divorciado,16,68531,11336,0
6792,441,solteiro,16,39247,28717,1
1298,847,solteiro,1,10211,4812,1
3400,899,solteiro,5,32814,12359,0
4161,414,divorciado,13,66475,8153,1
6173,510,casado,5,90184,9583,0
5633,556,divorciado,1,63310,8162,1
13169,688,divorciado,0,215787,57382,1
4069,899,casado,9,57553,17056,0
12626,877,solteiro,4,232831,31345,0
13183,630,solteiro,1,227675,14446,1
2156,810,divorciado,15,18955,4786,0
13459,819,solteiro,1,122094,44240,0
9552,556,divorciado,9,65721,24308,1
6899,437,divorciado,1,69365,27670,1
8144,840,casado,15,162824,40632,0
5693,496,casado,15,63114,7743,1
10692,884,casado,18,88821,27461,0
6111,810,divorciado,6,100447,14907,0
5187,838,casado,11,68141,9700,0
10919,688,solteiro,14,79097,15193,0
7215,653,solteiro,7,77275,5740,0
14903,595,divorciado,5,167167,66944,1
14646,485,divorciado,9,238838,34993,1
2418,721,casado,2,12839,6615,1
5696,409,divorciado,18,51465,26351,1
5935,404,divorciado,16,75754,23700,1
12496,522,solteiro,6,112872,13586,1
12127,729,solteiro,19,174950,36919,0
5755,752,casado,3,70372,14330,1
10346,517,divorciado,13,107863,42288,1
9250,693,divorciado,19,177952,34771,0
13957,796,solteiro,14,202130,50340,0
4646,558,divorciado,7,32285,9442,1
2245,702,solteiro,14,30086,9254,0
8093,627,casado,19,135241,5954,0
2893,764,solteiro,13,45209,3524,0
4636,615,divorciado,8,35147,9319,1
9954,835,casado,7,194962,8417,0
11877,583,solteiro,16,139343,18498,1
7095,414,solteiro,1,52399,30052,1
4554,556,casado,2,35079,21709,1
1425,535,casado,7,9224,2665,1
6093,660,solteiro,11,103902,10299,0
8222,556,divorciado,0,56160,14466,1
10351,446,solteiro,9,71182,18111,1
6800,723,casado,19,120748,4499,0
13940,731,solteiro,2,141756,65115,0
12459,572,casado,5,68061,18210,1
9196,529,casado,6,53138,21978,1
10207,810,divorciado,19,72802,5548,0
14146,494,casado,17,116009,61687,1
8883,514,casado,10,133042,33668,1
5842,642,divorciado,18,42996,27810,1
14703,819,casado,4,99732,59065,0
12512,691,divorciado,18,206082,23918,0
8879,681,divorciado,10,133769,14343,0
9408,698,casado,11,108472,34242,0
8539,682,casado,9,113053,18260,0
10635,468,solteiro,7,102944,32415,0
3405,547,divorciado,8,41668,1798,1
11916,410,solteiro,3,150142,9276,0
2269,653,casado,4,24524,6600,1
4644,729,solteiro,7,86371,14151,1
11957,759,divorciado,8,62665,46411,0
2260,437,solteiro,14,37815,2472,1
3527,533,divorciado,14,24215,9908,1
4620,599,casado,15,78370,6352,1
1501,422,casado,13,21372,1379,1
13668,702,divorciado,7,241228,32081,0
1806,745,casado,17,11671,2230,0
4370,701,casado,9,58491,6546,0
1899,762,casado,19,23768,3663,0
6288,795,casado,5,98048,10483,0
10531,617,divorciado,11,137054,9416,0
1390,540,solteiro,1,18224,1257,1
11692,503,solteiro,6,133802,16013,0
2180,845,casado,15,20998,1585,0
4175,609,solteiro,2,51076,13857,1
7302,872,solteiro,12,49488,13092,0
2384,880,casado,2,46303,4193,0
4527,510,casado,17,71147,9026,1
4594,503,solteiro,10,88604,15998,1
9519,715,divorciado,7,79968,42053,0
11457,570,casado,5,208404,44864,1
3016,859,divorciado,0,51669,11382,1
7054,891,solteiro,0,106919,18903,0
7909,755,casado,7,113695,28647,0
1769,895,divorciado,4,17244,5284,1
6642,723,casado,15,114549,9784,0
3095,532,solteiro,10,38757,4452,1
3933,775,divorciado,4,23847,7212,0
5063,692,solteiro,3,49075,23282,1
14113,727,solteiro,5,268562,41821,0
8655,526,casado,13,153714,32911,0
5214,505,divorciado,18,102864,10738,1
12293,896,solteiro,8,177263,28700,0
2886,491,solteiro,11,25144,3073,1
4209,686,divorciado,10,31324,5348,0
9006,777,solteiro,13,70280,38033,0
1354,792,solteiro,15,7172,4240,0
11929,450,divorciado,0,129551,24083,1
2609,428,divorciado,12,20536,10730,1
13449,861,divorciado,12,150290,21644,0
1984,695,divorciado,1,37745,9706,1
12567,696,casado,3,143993,25783,0
9296,613,divorciado,5,168906,18758,1
8760,666,casado,4,123363,16675,0
13733,806,casado,2,119572,14412,0
8543,656,casado,0,88316,8544,0
8406,701,solteiro,3,52611,28718,1
6796,500,casado,19,67973,30160,1
7001,804,casado,1,106156,28405,1
4006,745,solteiro,4,24363,4546,0
1737,509,solteiro,2,14036,5133,1
7186,819,solteiro,8,77045,7007,0
3041,581,divorciado,19,60001,2140,1
14408,870,solteiro,5,241664,49761,0
11847,712,solteiro,17,189579,34453,0
9916,400,casado,5,66862,8618,0
8171,718,solteiro,18,136577,5370,0
6825,837,divorciado,11,114516,33810,0
4150,454,solteiro,10,58168,2635,0
9192,770,divorciado,1,182511,22983,0
13523,823,solteiro,14,133591,37469,0
5980,798,solteiro,11,114332,6146,0
13507,548,solteiro,11,252864,17029,0
3568,830,solteiro,8,18454,7432,1
13239,856,divorciado,1,155581,51996,1
7855,708,divorciado,2,154402,21851,0
9373,536,casado,11,61363,31592,1
5695,601,divorciado,15,75269,28095,0
12093,835,solteiro,0,238042,47840,0
10363,712,casado,2,138163,25437,0
7202,516,casado,19,56515,18069,0
7814,553,casado,1,107307,25664,1
10558,824,solteiro,8,85167,36891,0
14603,690,divorciado,18,186853,40204,0
14321,462,solteiro,14,87510,48718,1
7119,643,casado,17,100251,4313,0
12166,424,solteiro,10,155138,29603,0
11374,489,solteiro,15,183148,19963,0
2053,474,divorciado,16,29687,2219,1
5346,693,divorciado,4,70802,5067,0
13128,785,casado,11,201471,42198,0
4969,790,solteiro,10,35573,14192,0
1774,609,solteiro,14,24712,2911,0
12653,874,divorciado,2,95930,33141,0
2348,817,solteiro,0,44336,6374,1
7493,746,solteiro,19,45145,10321,0
7657,416,solteiro,15,87715,26297,1
8709,527,divorciado,1,134440,34959,1
11107,826,casado,1,131843,45112,0
5977,842,casado,2,38141,19192,0
14325,763,solteiro,7,190532,40144,0
5054,650,casado,14,73912,3914,0
14565,578,divorciado,6,226586,26147,0
3691,581,divorciado,5,39120,3394,1
12052,551,casado,8,162158,58297,1
4324,424,casado,19,50851,4790,1
6891,854,solteiro,0,103922,8151,0
4251,579,casado,7,58465,19142,1
1204,597,solteiro,2,15515,5716,1
6422,743,solteiro,3,56146,25342,1
6515,560,divorciado,14,32772,3415,1
6069,576,divorciado,5,46192,3071,1
2076,684,divorciado,14,14025,4570,1
10383,462,divorciado,2,121857,11891,1
8227,890,casado,13,116690,4794,0
5342,549,divorciado,19,43784,13826,1
8166,553,casado,13,155855,38737,0
8279,555,divorciado,3,42224,16203,1
9187,769,casado,11,152361,31926,0
7999,868,solteiro,16,115010,27477,0
13756,448,casado,6,145859,22420,0
5665,854,casado,8,32615,19413,0
1835,736,divorciado,2,26446,2670,0
14617,483,casado,12,157632,15333,0
2893,760,solteiro,14,55094,10577,1
11074,576,solteiro,17,145399,11190,1
5952,547,divorciado,18,113652,29677,1
9511,517,solteiro,0,79010,12607,0
2030,741,casado,5,32248,6442,1
13067,875,solteiro,1,186318,30722,0
6377,462,divorciado,13,102613,6815,0
10761,588,casado,5,88455,6728,0
10132,759,divorciado,13,151725,33458,0
9508,448,casado,3,118570,39271,1
7149,726,solteiro,7,115401,30662,0
4038,656,divorciado,2,39999,10790,0
2350,623,divorciado,18,43124,9396,1
8760,540,casado,13,54877,30903,1
3131,877,divorciado,19,53564,11769,0
10404,614,casado,16,186437,28264,0
2864,834,casado,7,49429,9595,0
2281,778,casado,13,28947,9408,1
14121,839,casado,5,163461,32343,0
1712,610,solteiro,15,34144,7065,1
12241,717,casado,18,103284,38731,0
14607,431,divorciado,13,192858,18208,0
9005,557,solteiro,18,135616,5502,1
6437,684,divorciado,2,99857,13726,1
1759,704,solteiro,9,14178,5206,0
4872,828,casado,18,72153,20848,0
13975,876,solteiro,8,241425,15004,0
8604,685,solteiro,19,49475,35284,0
14384,543,divorciado,12,268589,63052,0
4543,823,divorciado,6,24725,5352,0
14700,418,casado,13,151991,63682,1
5270,417,solteiro,8,27600,26147,1
14191,656,solteiro,18,87376,53511,1
10862,477,solteiro,14,202766,43789,1
1780,770,casado,19,18374,8855,0
8204,574,casado,13,93292,26455,0
11686,897,casado,5,96177,22033,0
9330,593,casado,3,130213,39828,1
4347,875,casado,7,60519,14193,0
5449,512,divorciado,16,57666,16975,1
2879,513,solteiro,8,28777,4725,1
4706,621,solteiro,0,85999,18369,1
14484,565,solteiro,19,155692,12564,0
8453,834,solteiro,13,104838,39384,0
3944,718,solteiro,10,36480,7754,0
12748,531,solteiro,2,214186,13703,1
13437,784,solteiro,8,147292,33466,0
10635,663,solteiro,13,135108,7350,0
6388,812,divorciado,8,56216,22874,0
12510,454,solteiro,3,247884,57072,1
14496,758,divorciado,3,135862,61864,0
3341,530,casado,7,55330,3585,1
14445,687,solteiro,1,164852,15430,0
12451,665,casado,8,100769,51801,0
13940,857,casado,13,236921,64948,0
14715,866,casado,8,147210,37861,0
12351,765,divorciado,15,222045,33908,0
11657,561,casado,16,218322,22523,0
7817,779,casado,15,139903,35365,0
3679,880,casado,11,20326,12516,0
7684,486,solteiro,2,129172,13809,1
14038,454,solteiro,10,156805,25893,0
11027,875,divorciado,13,199653,49736,0
14800,687,divorciado,17,215625,8308,0
8621,577,solteiro,4,150907,16830,0
11149,790,divorciado,15,139267,33386,0
5652,748,solteiro,19,73619,6595,0
11462,407,casado,4,82134,10481,0
7081,720,casado,2,118676,29518,0
7865,712,divorciado,11,88802,35587,0
4049,646,solteiro,0,50617,17031,1
12643,722,solteiro,8,212104,57456,0
8590,871,divorciado,8,120111,25675,0
8105,870,solteiro,3,64973,33677,0
13122,842,casado,2,181785,29238,0
3689,654,divorciado,16,41001,12904,1
11023,727,divorciado,1,132748,54561,0
12208,453,solteiro,0,66224,18504,1
10407,648,divorciado,7,84821,23463,0
10740,638,solteiro,12,98975,28570,1
5811,628,solteiro,14,91200,6514,0
12479,466,solteiro,7,64546,10790,0
4039,450,solteiro,11,44960,17100,1
9727,496,solteiro,11,183455,47619,1
7078,491,divorciado,13,47268,16429,1
13984,894,casado,14,178245,12507,0
10287,663,casado,14,172799,8190,0
7503,817,divorciado,8,143592,33845,0
12938,690,divorciado,18,209616,33472,0
2051,495,casado,19,32423,3979,1
2887,487,casado,7,50226,7633,1
11323,477,casado,18,132400,21880,1
8033,687,casado,5,137265,21694,1
13138,519,casado,19,67259,57386,1
3627,701,solteiro,18,68435,11480,0
10960,890,divorciado,3,127679,39740,0
5200,799,solteiro,6,69163,11133,0
6252,851,casado,3,55162,23903,0
3938,899,casado,11,63551,13782,0
12890,564,casado,12,79267,13380,0
6932,581,solteiro,2,125396,21329,1
6587,868,solteiro,11,114757,10903,0
9202,797,casado,1,75832,37897,0
6736,622,solteiro,1,115454,16279,1
14679,710,solteiro,8,246539,73043,0
5113,831,casado,0,74052,4684,0
2266,865,solteiro,7,24025,9090,0
8923,406,divorciado,5,80953,31512,1
5580,729,divorciado,5,47300,22061,0
11836,662,divorciado,17,115745,22297,0
5307,560,divorciado,16,98462,14404,1
6926,550,casado,11,42696,28287,0
4573,484,casado,5,79721,7071,1
13361,546,casado,7,136727,20270,1
11938,511,divorciado,18,153092,35572,1
10145,780,divorciado,9,171625,28974,0
3282,802,solteiro,0,59947,5809,1
12166,435,solteiro,12,123749,22401,0
12288,684,divorciado,16,146566,21507,0
13577,587,divorciado,2,152303,53925,1
10167,481,divorciado,7,52855,34908,1
7948,401,divorciado,13,75022,33746,1
11017,784,solteiro,2,130968,53869,1
12461,702,divorciado,15,139144,32819,0
1617,596,solteiro,12,25595,1293,1
9506,803,divorciado,19,102399,6810,0
10008,410,divorciado,16,123505,18319,1
5174,633,divorciado,12,59211,24299,1
4467,785,solteiro,5,71960,12750,1
2025,594,solteiro,16,36337,3489,1
8868,870,casado,13,115091,20363,0
6945,518,divorciado,16,116964,22180,1
10908,795,casado,7,103100,37504,0
12538,419,casado,10,164505,14953,0
1612,660,solteiro,19,16407,7893,1
8743,692,solteiro,0,98035,25804,1
8787,821,casado,6,140470,9758,0
1928,655,divorciado,16,35137,8717,1
12740,621,solteiro,9,86917,10649,0
8364,792,divorciado,10,121441,38347,0
12200,625,divorciado,8,167532,60811,0
10067,452,casado,8,68216,36764,1
12857,827,casado,4,105149,51003,1
7188,754,casado,16,69472,14504,0
3704,899,casado,8,27794,17546,1
4167,741,solteiro,16,36069,12016,0
3986,763,solteiro,18,35929,15129,0
2322,679,casado,6,23301,10817,1
5279,480,solteiro,8,85735,25805,1
2771,601,casado,6,37626,11775,0
6273,557,divorciado,12,124165,11690,0
6304,519,divorciado,10,70737,30571,1
3343,458,divorciado,13,54517,11120,1
11079,893,casado,18,200219,51937,0
8006,614,divorciado,10,121568,28361,0
8557,527,solteiro,12,95649,16109,1
13524,623,divorciado,13,220494,29280,0
13243,608,divorciado,12,106672,39426,0
4640,769,divorciado,0,45997,18815,0
4966,514,solteiro,7,65552,9588,1
6844,608,casado,11,93291,21276,0
11718,413,solteiro,18,62481,24084,1
4114,408,casado,11,78892,17159,1
6168,439,casado,7,95291,16038,0
7117,849,divorciado,7,88503,6015,0
14784,636,casado,12,280850,18439,0
13344,680,solteiro,11,154609,10341,0
9987,758,solteiro,15,196809,27432,0
1928,600,casado,0,24455,1886,1
2565,645,divorciado,12,17222,2599,0
5692,677,divorciado,6,93758,26950,0
1898,634,solteiro,4,28818,8402,1
8386,893,divorciado,7,139163,21253,0
1595,403,casado,13,30738,7873,1
8600,553,casado,12,143167,4307,0
9282,841,solteiro,14,131526,30286,0
5371,428,casado,16,95924,17584,1
5560,508,solteiro,14,83948,14225,0
3702,497,casado,19,41172,8463,1
11211,614,solteiro,17,204985,28579,0
1917,692,divorciado,17,15965,4538,1
3982,474,casado,1,62595,15080,1
6146,725,casado,3,112001,6816,0
12969,545,solteiro,0,207111,18018,1
6686,527,solteiro,3,103359,8774,1
9535,740,casado,17,155321,16029,0
6180,441,solteiro,4,74010,17697,1
12532,755,casado,18,226986,12537,0
8466,440,divorciado,14,68164,37307,1
5691,821,solteiro,7,39329,10460,0
8392,433,casado,19,77899,10334,1
12330,416,divorciado,16,159965,43651,0
6788,564,divorciado,0,85925,4557,0
8851,552,casado,11,153201,29118,1
4836,885,solteiro,18,53527,17612,0
12614,777,casado,14,154712,18506,0
2367,475,divorciado,8,12309,1630,1
12008,486,casado,6,133842,25653,0
2262,516,solteiro,1,33288,2134,1
3356,761,divorciado,8,17560,3437,0
9060,741,casado,9,83471,14896,0
6361,868,solteiro,1,51647,11638,0
6505,426,divorciado,18,36621,18766,1
12374,712,solteiro,10,150825,43961,0
7741,686,divorciado,12,59805,24519,0
12686,533,casado,9,204830,14812,0
5929,618,solteiro,13,105055,7555,0
10548,567,divorciado,17,139062,46985,1
8530,497,solteiro,18,168259,25697,1
6534,667,solteiro,8,76821,28845,0
10124,636,casado,6,128580,21988,0
5530,708,solteiro,2,109705,18054,0
9210,854,divorciado,19,78038,26308,0
8001,793,divorciado,5,153124,15490,0
6046,572,divorciado,1,34114,15807,1
7931,800,divorciado,5,92759,21899,0
8441,809,casado,2,51068,11846,0
2153,868,solteiro,15,34315,4128,0
3739,875,casado,7,52817,15185,0
8256,589,solteiro,1,128789,38151,1
12716,521,solteiro,16,135008,26946,1
12693,445,solteiro,8,133812,23880,0
2742,463,casado,11,15573,3779,1
6493,529,solteiro,2,66547,23070,1
2391,709,casado,10,45283,4671,0
7513,762,divorciado,0,80301,37150,0
14904,592,divorciado,12,260380,29295,0
12385,706,solteiro,14,218408,28158,0
8138,580,casado,4,86251,26163,1
3881,691,divorciado,16,56196,15941,0
10609,770,casado,5,68221,27719,0
2740,681,casado,10,17961,6581,0
7372,428,solteiro,17,42240,36715,1
12628,548,divorciado,3,173195,6910,0
6741,666,solteiro,2,76787,30521,0
11778,695,solteiro,12,155710,13793,0
13111,410,divorciado,8,168031,52924,1
10780,563,divorciado,5,110527,35365,1
11248,512,casado,11,170543,22926,1
2565,586,divorciado,1,42008,11369,1
9891,694,casado,2,51625,5519,0
11072,631,casado,2,89778,16830,0
9902,626,casado,11,155446,30211,0
8694,709,divorciado,14,93889,18100,0
5512,497,solteiro,8,82334,17895,1
2524,454,casado,7,25756,1535,1
10547,510,solteiro,10,114554,10800,0
11219,551,solteiro,15,82798,12026,0
4341,645,divorciado,3,38519,5868,1
8619,805,solteiro,0,121365,22124,0
4686,468,solteiro,6,53877,18203,1
3010,711,divorciado,1,50009,13770,1
7788,688,casado,4,138538,33170,0
4123,649,solteiro,6,54113,5714,0
6501,435,divorciado,3,106447,16156,0
11606,638,solteiro,4,111459,16217,0
5386,547,solteiro,0,60455,9103,1
10105,866,casado,0,158564,27950,1
7177,626,solteiro,14,77462,5788,0
12994,643,divorciado,19,179675,19254,0
13526,890,solteiro,18,105240,63696,0
12914,736,casado,9,180751,33544,0
5468,845,casado,17,98001,13693,1
5948,764,divorciado,2,107240,3363,0
6049,890,casado,10,95968,9758,0
10635,881,solteiro,14,172141,46776,0
4909,600,casado,10,65627,6091,0
10473,553,divorciado,16,144213,24800,1
7819,849,casado,16,54770,4413,0
9847,472,casado,5,114795,26119,1
14316,600,casado,4,168379,8512,0
10286,695,divorciado,7,199316,43080,0
10776,416,casado,1,123560,45386,1
11350,528,casado,15,150275,45908,1
4272,616,solteiro,19,55530,7583,1
7730,460,divorciado,11,112482,32988,1
11388,826,casado,5,184753,33520,0
13677,503,divorciado,0,114553,29845,1
1704,441,casado,3,22034,5647,1
2414,424,casado,16,41976,1341,1
2731,438,casado,12,32626,3122,1
12832,690,solteiro,17,117757,49278,1
8776,530,solteiro,4,130065,14030,0
2023,897,solteiro,2,35112,6455,1
2128,628,divorciado,10,12655,4751,1
6229,507,divorciado,12,103724,27075,1
14628,571,solteiro,3,253425,70007,1
1333,834,divorciado,13,15893,5966,0
3305,877,casado,10,65272,5677,0
4827,501,casado,9,81096,6631,1
14172,753,casado,18,235325,37342,0
7516,411,solteiro,17,121891,4006,0
3052,674,divorciado,5,22154,1880,1
6110,500,solteiro,14,50459,18267,1
14660,443,divorciado,9,175331,41664,0
5375,842,casado,4,48160,26743,0
12325,704,solteiro,4,138392,17357,0
12676,844,divorciado,9,232312,21060,0
13690,416,divorciado,4,237725,13839,1
12203,729,casado,2,176340,56486,0
6548,456,solteiro,5,117024,26192,1
10642,710,solteiro,3,178323,44701,0
12904,896,solteiro,17,147554,58873,0
7390,702,casado,8,59238,21150,1
2456,411,solteiro,16,31223,6214,1
4576,717,casado,12,73414,9091,0
6845,479,casado,14,79034,21571,1
14654,615,casado,19,219833,37283,1
4686,738,divorciado,16,30060,11865,0
4784,663,solteiro,12,77596,22562,1
10788,878,solteiro,15,185453,53164,0
13029,548,casado,3,203285,53212,1
9253,480,casado,4,180516,36136,1
4530,614,solteiro,4,78821,16138,1
3903,884,casado,8,72386,4868,0
9862,773,solteiro,16,187413,7554,0
9320,863,divorciado,12,158628,33629,0
8314,597,casado,1,125656,31423,1
14523,599,solteiro,12,73860,10331,0
2553,424,casado,18,30603,11938,1
12175,865,solteiro,2,165183,11080,0
12223,488,solteiro,9,116857,21837,1
6263,667,casado,1,61199,22081,1
9749,542,divorciado,12,189300,12326,0
12411,458,solteiro,18,228060,9300,0
8775,809,solteiro,16,155648,17463,0
1867,888,solteiro,13,20705,7368,0
5668,764,divorciado,11,29504,13385,1
14519,425,divorciado,11,90066,49921,1
10537,446,casado,10,102029,32752,1
14859,687,divorciado,6,77803,8915,0
8019,665,casado,3,42157,39681,0
13577,415,casado,18,254555,9319,0
4919,598,divorciado,0,76698,23882,1
3945,800,casado,2,38007,11733,0
8683,806,divorciado,12,60691,41975,0
1739,681,casado,14,22041,1767,1
12171,868,divorciado,1,61831,32944,1
6164,485,divorciado,10,117585,7783,0
13528,649,casado,3,151814,9867,1
6035,790,solteiro,18,66596,19788,0
4975,669,casado,16,54023,7139,0
7242,734,divorciado,2,43741,22773,0
8302,516,solteiro,17,121000,8348,0
8512,406,casado,7,136149,16972,0
6520,536,casado,18,98725,26193,1
14416,770,casado,4,102015,35560,0
7332,575,solteiro,6,100320,24377,1
9091,727,divorciado,7,123112,31032,0
11900,897,casado,4,214511,51133,0
3979,714,casado,16,42523,7807,0
2124,614,casado,4,22455,7631,1
12348,876,casado,3,176303,59607,0
2781,481,casado,18,40313,10529,1
8914,622,divorciado,1,107318,24107,0
4524,877,divorciado,10,52686,15102,1
13877,771,casado,12,172244,53129,0
6913,822,solteiro,14,123851,22503,0
8226,882,divorciado,11,98033,4730,0
1455,801,solteiro,10,27789,2002,0
6004,842,divorciado,6,75410,24899,0
3038,889,casado,4,58445,5246,0
11336,502,divorciado,16,198294,42986,1
1209,672,casado,19,12617,2629,1
4071,413,divorciado,8,73093,11596,1
10189,558,casado,13,67766,8211,0
8609,551,casado,11,162500,11325,0
8618,882,casado,5,124742,41430,0
14364,507,casado,16,83539,64718,1
6324,587,solteiro,18,92734,21724,0
2215,700,casado,18,43444,5689,0
11216,497,solteiro,15,67823,39715,1
13861,530,solteiro,11,184632,45516,0
12528,692,casado,11,203165,38316,1
3393,570,solteiro,19,58203,2600,1
9615,823,divorciado,5,107759,32187,0
14750,873,casado,3,118921,58412,1
14340,582,solteiro,5,80807,71318,1
8649,870,casado,10,118455,4755,0
5358,763,casado,0,63190,20284,0
14728,438,casado,14,283236,45259,1
5125,414,solteiro,10,30284,12572,1
8170,775,divorciado,18,124845,8775,0
8138,896,divorciado,17,43737,19050,0
5984,403,solteiro,16,45307,12534,1
14972,748,casado,18,176724,27888,0
5200,869,solteiro,13,61480,19702,0
2833,808,solteiro,17,43303,10349,0
11544,796,solteiro,18,215332,36370,0
8466,609,casado,14,123480,39993,0
9902,560,solteiro,14,191138,20540,0
1584,415,casado,3,28867,2529,1
1604,892,solteiro,6,22083,5536,0
9375,825,divorciado,12,164126,13074,0
14005,507,solteiro,2,205014,26855,1
13963,781,solteiro,15,86268,21094,0
3200,849,divorciado,8,51547,2595,0
12148,710,casado,7,78034,51310,0
11060,626,casado,19,153858,18198,0
7189,569,solteiro,12,111714,18897,1
2660,433,divorciado,16,15954,1848,1
8390,813,casado,16,70995,30598,0
8340,650,solteiro,16,156250,16575,0
4836,646,divorciado,0,68887,18624,1
12116,668,casado,7,105340,28543,0
6009,540,casado,18,92299,8297,0
5378,673,divorciado,5,75031,15108,1
14656,815,divorciado,2,183546,15935,0
8445,495,divorciado,4,165883,20964,1
7800,626,divorciado,12,118964,15037,0
7197,778,solteiro,14,76515,33133,0
3248,438,divorciado,13,55219,2514,0
13538,701,casado,15,247322,49049,0
5980,899,casado,17,41132,7907,0
1916,428,solteiro,10,15343,3708,1
9139,845,casado,2,75336,21657,0
6765,896,casado,9,103965,31024,0
5744,876,divorciado,9,80677,9142,0
6176,717,casado,15,88223,5625,0
13975,644,solteiro,11,267084,27029,0
11215,635,divorciado,1,186602,10890,0
11473,584,divorciado,8,79382,12375,0
4619,671,solteiro,2,47172,14237,1
8439,839,divorciado,14,97309,6532,0
10966,635,divorciado,2,119961,7009,1
1449,638,solteiro,18,21792,5382,0
10065,776,divorciado,17,184978,21412,0
13925,665,solteiro,7,133551,14818,0
11557,813,solteiro,16,153455,18968,0
1970,808,casado,7,33177,6677,1
13354,758,casado,6,150142,23234,0
5563,739,divorciado,6,41843,15161,0
11376,788,divorciado,2,137925,11917,0
2277,464,solteiro,0,13271,7164,1
9627,877,divorciado,3,184219,18506,0
9780,576,solteiro,4,59876,32482,1
12429,402,solteiro,0,143888,51428,1
9101,828,divorciado,14,117841,29600,0
6058,541,solteiro,4,119824,11091,0
11240,775,casado,12,84191,18555,0
7744,557,divorciado,7,52012,15281,1
5919,897,casado,7,30367,7344,0
4014,723,divorciado,4,29436,5279,0
4574,545,solteiro,8,37090,18561,1
12670,845,divorciado,0,183191,28270,1
2452,692,casado,3,20340,6036,1
8196,552,solteiro,2,43502,26007,1
13373,831,divorciado,1,232680,42170,0
5873,592,divorciado,7,61572,4717,0
11514,836,divorciado,8,118656,48841,0
5730,893,casado,1,54648,7437,0
11542,862,casado,13,226576,43326,0
14251,472,divorciado,13,107619,56676,1
8081,798,solteiro,3,149284,30037,0
8149,704,solteiro,5,135697,25305,0
10721,776,casado,10,65904,6065,0
7441,743,solteiro,2,147338,15787,0
9217,851,casado,7,83602,29695,0
8141,539,divorciado,2,52743,18264,1
10750,586,casado,13,187476,47145,1
8202,692,casado,12,127952,15498,0
11874,460,divorciado,12,169302,21621,1
13934,884,solteiro,1,102271,23645,0
11409,826,casado,12,138932,22789,0
2531,779,casado,18,42288,7614,0
13736,597,divorciado,5,131238,50570,1
5461,694,solteiro,15,52837,19012,1
8848,839,casado,1,44656,36584,0
10750,718,divorciado,7,81846,48231,0
6315,701,casado,16,114497,26348,0
5837,743,divorciado,1,67862,3416,0
6054,410,solteiro,9,119648,23075,1
